date,description,amount,category
2026-08-01,OAKRIDGE PLAZA LLC RENT,-8500,Rent
2026-08-01,SQUARE DEPOSIT,6726.12,Deposit
2026-08-02,BOULEVARD BOOKING SOFTWARE,-425.0,Software
2026-08-03,GUSTO SUBSCRIPTION,-149.0,Software
2026-08-03,QUICKBOOKS ONLINE,-90.0,Software
2026-08-03,SQUARE DEPOSIT,6038.65,Deposit
2026-08-04,ALLERGAN AESTHETICS,-9240.0,Supplies
2026-08-04,SQUARE DEPOSIT,4319.01,Deposit
2026-08-05,SQUARE DEPOSIT,7187.34,Deposit
2026-08-06,SQUARE DEPOSIT,5553.15,Deposit
2026-08-07,CANVA PRO,-14.99,Software
2026-08-07,SQUARE DEPOSIT,3298.49,Deposit
2026-08-08,SQUARE DEPOSIT,3829.62,Deposit
2026-08-09,HYDRAFACIAL CO - TIPS/SERUMS,-2310.0,Supplies
2026-08-10,SQUARE DEPOSIT,4493.79,Deposit
2026-08-11,GALDERMA (RESTYLANE),-6180.0,Supplies
2026-08-11,SQUARE DEPOSIT,5211.36,Deposit
2026-08-12,PODIUM REVIEWS & TEXTING,-399.0,Software
2026-08-12,SQUARE DEPOSIT,5692.97,Deposit
2026-08-13,SQUARE DEPOSIT,4159.76,Deposit
2026-08-14,HISCOX MED MALPRACTICE INS,-612.0,Insurance
2026-08-14,SQUARE DEPOSIT,4146.17,Deposit
2026-08-15,ADOBE CREATIVE CLOUD,-59.99,Software
2026-08-15,GUSTO PAYROLL NET+TAX,-22181.32,Payroll
2026-08-15,LOOM BUSINESS,-15.0,Software
2026-08-15,SQUARE DEPOSIT,4858.88,Deposit
2026-08-17,SQUARE DEPOSIT,3933.52,Deposit
2026-08-18,MCKESSON MEDICAL SUPPLY,-1145.37,Supplies
2026-08-18,SQUARE DEPOSIT,6942.65,Deposit
2026-08-19,CANDELA LASER SERVICE CONTRACT,-1250.0,Maintenance
2026-08-19,SQUARE DEPOSIT,5337.59,Deposit
2026-08-20,PG&E UTILITIES,-740.18,Utilities
2026-08-20,SQUARE DEPOSIT,6230.91,Deposit
2026-08-21,SQUARE DEPOSIT,5344.38,Deposit
2026-08-22,SQUARE DEPOSIT,2988.74,Deposit
2026-08-23,SKINMEDICA RETAIL RESTOCK,-1890.0,Supplies
2026-08-24,SQUARE DEPOSIT,5480.32,Deposit
2026-08-25,DR. A. PATEL - MEDICAL DIRECTOR FEE,-2000.0,Professional fees
2026-08-25,SQUARE DEPOSIT,4135.49,Deposit
2026-08-26,ROTO-ROOTER,-385.0,Maintenance
2026-08-26,SQUARE DEPOSIT,5055.03,Deposit
2026-08-27,SQUARE DEPOSIT,2544.02,Deposit
2026-08-28,CLEANPRO JANITORIAL,-650.0,Maintenance
2026-08-28,SQUARE DEPOSIT,2676.08,Deposit
2026-08-29,OWNER DRAW,-6000.0,Owner draw
2026-08-29,SQUARE DEPOSIT,2437.21,Deposit
2026-08-30,CASH DEPOSIT - BRANCH,22995,Deposit
2026-08-30,GOOGLE ADS,-3100.0,Advertising
2026-08-30,GUSTO PAYROLL NET+TAX,-22487.66,Payroll
2026-08-30,GUSTO TIPS PAYOUT,-10702,Payroll - tips passthrough
2026-08-30,META PLATFORMS ADS,-5000.0,Advertising
2026-08-31,SQUARE DEPOSIT,3733.49,Deposit
