pay_period,pay_date,employee,role,hours,hourly_rate,base_pay,commission,gross_pay,employer_taxes
2026-08-01 to 2026-08-15,2026-08-15,Dana Whitfield,Nurse Practitioner (injector),72,62,4464,2231.0,6695.0,552.34
2026-08-01 to 2026-08-15,2026-08-15,Marisol Vega,RN Injector,69,48,3312,1392.2,4704.2,388.1
2026-08-01 to 2026-08-15,2026-08-15,Kelsey Tran,Lead Aesthetician,78,28,2184,881.5,3065.5,252.9
2026-08-01 to 2026-08-15,2026-08-15,Brooke Adler,Aesthetician,67,24,1608,456.0,2064.0,170.28
2026-08-01 to 2026-08-15,2026-08-15,Tyler Moss,Laser Technician,63,30,1890,533.12,2423.12,199.91
2026-08-01 to 2026-08-15,2026-08-15,Jenna Ruiz,Front Desk / Patient Coordinator,81,19,1539,0.0,1539.0,126.97
2026-08-16 to 2026-08-30,2026-08-30,Dana Whitfield,Nurse Practitioner (injector),74,62,4588,2231.0,6819.0,562.57
2026-08-16 to 2026-08-30,2026-08-30,Marisol Vega,RN Injector,68,48,3264,1392.2,4656.2,384.14
2026-08-16 to 2026-08-30,2026-08-30,Kelsey Tran,Lead Aesthetician,78,28,2184,881.5,3065.5,252.9
2026-08-16 to 2026-08-30,2026-08-30,Brooke Adler,Aesthetician,72,24,1728,456.0,2184.0,180.18
2026-08-16 to 2026-08-30,2026-08-30,Tyler Moss,Laser Technician,64,30,1920,533.12,2453.12,202.38
2026-08-16 to 2026-08-30,2026-08-30,Jenna Ruiz,Front Desk / Patient Coordinator,84,19,1596,0.0,1596.0,131.67
